Bolsa,Shannon,Simpson,Pilou
Luna,2.341923915837503,0.9005198487712666,2.341923915837503
Corazon,1.7196545796889389,0.8012486992715921,1.7196545796889389
Naranjas,-0,0,-0
Verdes,-0,0,-0
Alfa,1.7764490449915855,0.7728531855955679,1.7764490449915855
VR,1.9763492222949677,0.845703125,1.9763492222949677
Happy_Face,2.2752367628243,0.8871527777777778,2.2752367628243
